{
    "summary": {
        "Advection": {
            "avg_ssim": 0.95265528831079,
            "avg_psnr": 31.196521378866883
        },
        "Morphology": {
            "avg_ssim": 0.506010427354568,
            "avg_psnr": 12.960435359092383
        },
        "Emergence": {
            "avg_ssim": 0.7000627210509125,
            "avg_psnr": 20.359767526913725
        },
        "Temporal": {
            "avg_ssim": 0.4568268338424556,
            "avg_psnr": 15.22965215537113
        },
        "AURORA": {
            "avg_ssim": 0.8888740089959919,
            "avg_psnr": 24.310768488972776
        }
    },
    "samples": [
        {
            "id": "sample_0",
            "metrics": {
                "Advection": {
                    "ssim": 0.952722826019764,
                    "psnr": 30.310391446725937
                },
                "Morphology": {
                    "ssim": 0.5159688351934555,
                    "psnr": 12.127729433298615
                },
                "Emergence": {
                    "ssim": 0.7171828689775327,
                    "psnr": 20.38032407837251
                },
                "Temporal": {
                    "ssim": 0.5740741984832975,
                    "psnr": 17.415948623092486
                },
                "AURORA": {
                    "ssim": 0.8925110693011582,
                    "psnr": 24.322605634945194
                }
            }
        },
        {
            "id": "sample_1",
            "metrics": {
                "Advection": {
                    "ssim": 0.9515304067254067,
                    "psnr": 31.27842614405293
                },
                "Morphology": {
                    "ssim": 0.5069444542535455,
                    "psnr": 13.495362281672175
                },
                "Emergence": {
                    "ssim": 0.695686116645745,
                    "psnr": 20.44192594090608
                },
                "Temporal": {
                    "ssim": 0.4300041372739081,
                    "psnr": 15.206616547468336
                },
                "AURORA": {
                    "ssim": 0.8805439092104435,
                    "psnr": 23.77491250974206
                }
            }
        },
        {
            "id": "sample_2",
            "metrics": {
                "Advection": {
                    "ssim": 0.9529465293974876,
                    "psnr": 32.07959284920893
                },
                "Morphology": {
                    "ssim": 0.47742405305889146,
                    "psnr": 13.071183867198265
                },
                "Emergence": {
                    "ssim": 0.6820278781886322,
                    "psnr": 20.18144085487599
                },
                "Temporal": {
                    "ssim": 0.42334325088292823,
                    "psnr": 15.930496523717304
                },
                "AURORA": {
                    "ssim": 0.8911096647812724,
                    "psnr": 24.750323075308344
                }
            }
        },
        {
            "id": "sample_3",
            "metrics": {
                "Advection": {
                    "ssim": 0.9527296999685765,
                    "psnr": 30.701133870059707
                },
                "Morphology": {
                    "ssim": 0.5125170600075339,
                    "psnr": 12.286801458141154
                },
                "Emergence": {
                    "ssim": 0.7162977069828766,
                    "psnr": 20.496119805120454
                },
                "Temporal": {
                    "ssim": 0.4139687031434295,
                    "psnr": 13.565170364211829
                },
                "AURORA": {
                    "ssim": 0.8922571045203507,
                    "psnr": 23.406112474733117
                }
            }
        },
        {
            "id": "sample_4",
            "metrics": {
                "Advection": {
                    "ssim": 0.953050144449234,
                    "psnr": 32.04128884804667
                },
                "Morphology": {
                    "ssim": 0.4844620935060626,
                    "psnr": 13.250585446463173
                },
                "Emergence": {
                    "ssim": 0.681860693623462,
                    "psnr": 20.219145804704834
                },
                "Temporal": {
                    "ssim": 0.5021743610122139,
                    "psnr": 16.813350373442518
                },
                "AURORA": {
                    "ssim": 0.8858333476009667,
                    "psnr": 25.337979140619524
                }
            }
        },
        {
            "id": "sample_5",
            "metrics": {
                "Advection": {
                    "ssim": 0.9523334602103233,
                    "psnr": 30.446444314099857
                },
                "Morphology": {
                    "ssim": 0.515352220757032,
                    "psnr": 12.165427695612593
                },
                "Emergence": {
                    "ssim": 0.7184706418771122,
                    "psnr": 20.421769921763143
                },
                "Temporal": {
                    "ssim": 0.502655404695368,
                    "psnr": 15.757665188958365
                },
                "AURORA": {
                    "ssim": 0.8917954709404111,
                    "psnr": 23.7361773923367
                }
            }
        },
        {
            "id": "sample_6",
            "metrics": {
                "Advection": {
                    "ssim": 0.9524309888687134,
                    "psnr": 31.416675352753618
                },
                "Morphology": {
                    "ssim": 0.5085236764229722,
                    "psnr": 13.598691780128718
                },
                "Emergence": {
                    "ssim": 0.6936489043310596,
                    "psnr": 20.399256063132448
                },
                "Temporal": {
                    "ssim": 0.4302108354934803,
                    "psnr": 15.27130396245135
                },
                "AURORA": {
                    "ssim": 0.8804517363464535,
                    "psnr": 23.789840964798984
                }
            }
        },
        {
            "id": "sample_7",
            "metrics": {
                "Advection": {
                    "ssim": 0.9530041326136589,
                    "psnr": 31.8611389063203
                },
                "Morphology": {
                    "ssim": 0.5085497834982842,
                    "psnr": 13.797031498650698
                },
                "Emergence": {
                    "ssim": 0.6873134537936391,
                    "psnr": 20.321342520749845
                },
                "Temporal": {
                    "ssim": 0.4290542579397447,
                    "psnr": 15.66972322972958
                },
                "AURORA": {
                    "ssim": 0.8833835964969993,
                    "psnr": 24.436872337225374
                }
            }
        },
        {
            "id": "sample_8",
            "metrics": {
                "Advection": {
                    "ssim": 0.9534381283574105,
                    "psnr": 31.805009681371168
                },
                "Morphology": {
                    "ssim": 0.5120068827963942,
                    "psnr": 13.865504547061775
                },
                "Emergence": {
                    "ssim": 0.6884916700480724,
                    "psnr": 20.327930472478066
                },
                "Temporal": {
                    "ssim": 0.5753678890545373,
                    "psnr": 16.587798878057566
                },
                "AURORA": {
                    "ssim": 0.8857106299323738,
                    "psnr": 26.221163986980653
                }
            }
        },
        {
            "id": "sample_9",